Workbook

Sheet Dashboard
A1: Dashboard
A2: Read this first. It summarizes your planned week: calories, estimated food cost, pantry gaps, grocery items, and meal coverage.
A3: Dashboard is protected. Edit source data in cyan cells on Settings, Recipes, Pantry, Weekly Planner, and Grocery List.
A4: Metric | B4: Value | C4: Target/Context | D4: Value
A5: Weekly calories | B5: =SUM('Weekly Planner'!H6:H12) | C5: Target kcal/week | D5: =Settings!B5
A6: Estimated food cost | B6: =SUMIF('Grocery List'!H6:H105,">0",'Grocery List'!H6:H105) | C6: Budget USD/week | D6: =Settings!B6
A7: Grocery items | B7: =COUNTIF('Grocery List'!B6:B105,"<>") | C7: Pantry gaps | D7: =COUNTIF(Pantry!G6:G105,"yes")
A8: Planned meals | B8: =COUNTA('Weekly Planner'!B6:E12) | C8: Days planned | D8: =COUNTA('Weekly Planner'!A6:A12)
A12: Day | B12: Calories | C12: Cost | E12: Category | F12: Items
A13: Monday | B13: ='Weekly Planner'!H6 | C13: ='Weekly Planner'!I6 | E13: Produce | F13: =COUNTIF('Grocery List'!$A$6:$A$105,E13)
A14: Tuesday | B14: ='Weekly Planner'!H7 | C14: ='Weekly Planner'!I7 | E14: Dairy & Eggs | F14: =COUNTIF('Grocery List'!$A$6:$A$105,E14)
A15: Wednesday | B15: ='Weekly Planner'!H8 | C15: ='Weekly Planner'!I8 | E15: Bakery | F15: =COUNTIF('Grocery List'!$A$6:$A$105,E15)
A16: Thursday | B16: ='Weekly Planner'!H9 | C16: ='Weekly Planner'!I9 | E16: Pantry | F16: =COUNTIF('Grocery List'!$A$6:$A$105,E16)
A17: Friday | B17: ='Weekly Planner'!H10 | C17: ='Weekly Planner'!I10 | E17: Frozen | F17: =COUNTIF('Grocery List'!$A$6:$A$105,E17)
A18: Saturday | B18: ='Weekly Planner'!H11 | C18: ='Weekly Planner'!I11
A19: Sunday | B19: ='Weekly Planner'!H12 | C19: ='Weekly Planner'!I12

Sheet Start Here
A1: Start Here
A2: Follow these five steps for first success. Cyan cells elsewhere are the only normal edit areas.
A3: Do not delete tabs or columns. Make a backup copy before customization.
A4: Step | B4: Action | C4: Done? | D4: Why it matters | E4: Expected result | F4: Support note
A5: 1 | B5: Review Dashboard | D5: See the finished sample week | E5: Calories, cost, groceries, pantry gaps visible | F5: No edits here
A6: 2 | B6: Edit Settings | D6: Set targets and categories | E6: Dashboard target values update | F6: Yellow cells only
A7: 3 | B7: Edit Pantry and Recipes | D7: Match your household | E7: Inputs feed planning and grocery list | F7: Rows 6-105 supported
A8: 4 | B8: Choose meals | D8: Create the week | E8: Daily totals update | F8: Use dropdowns
A9: 5 | B9: Use Grocery List | D9: Shop from final list | E9: Buy qty and estimated cost visible | F9: Unit prices are editable

Sheet Settings
A1: Settings
A2: Edit cyan cells only. These values drive dashboard targets, grocery categories, and row labels. Add categories only inside the cyan category block below.
A3: Do not insert or delete columns. Add new categories inside the provided cyan rows so formulas and dropdowns stay stable.
A4: Setting | B4: Value | C4: Unit/Notes | D4: Editable? | E4: Used by | F4: Status
A5: Weekly calorie target | B5: 14000 | C5: kcal/week | D5: yes | E5: Dashboard | F5: ready
A6: Weekly food budget | B6: 165 | C6: USD/week | D6: yes | E6: Dashboard | F6: ready
A7: Household servings default | B7: 2 | C7: servings | D7: yes | E7: Planner | F7: ready
A8: Currency symbol | B8: $ | C8: display | D8: yes | E8: Dashboard | F8: ready
A9: First planning date | B9: 2026-06-22 | C9: YYYY-MM-DD | D9: yes | E9: Planner | F9: ready
A11: Category list
A12: Produce
A13: Dairy & Eggs
A14: Bakery
A15: Pantry
A16: Frozen
A17: Meat & Seafood
A18: Drinks
A19: Household
A20: Other

Sheet Recipes
A1: Recipes
A2: Add or edit recipes in the cyan rows. One ingredient per row feeds grocery totals from the weekly planner. Formulas read rows 5-105.
A3: Do not insert/delete columns. Add recipes only in the provided cyan rows 5-105; formulas are designed for that range.
A4: Recipe ID | B4: Meal type | C4: Recipe name | D4: Default servings | E4: Ingredient | F4: Qty per serving | G4: Unit | H4: Category | I4: Calories/serving | J4: Unit price
A5: R001 | B5: Breakfast | C5: Greek yogurt berry bowl | D5: 2 | E5: Greek yogurt | F5: 1 | G5: cup | H5: Dairy & Eggs | I5: 280 | J5: 2.4
A6: R001 | B6: Breakfast | C6: Greek yogurt berry bowl | D6: 2 | E6: Berries | F6: 0.5 | G6: cup | H6: Produce | I6: 280 | J6: 1.35
A7: R002 | B7: Lunch | C7: Tomato soup and toast | D7: 2 | E7: Tomato soup | F7: 1 | G7: serving | H7: Pantry | I7: 420 | J7: 2.1
A8: R002 | B8: Lunch | C8: Tomato soup and toast | D8: 2 | E8: Whole grain bread | F8: 2 | G8: slice | H8: Bakery | I8: 420 | J8: 0.8
A9: R003 | B9: Dinner | C9: Salmon rice bowl | D9: 2 | E9: Salmon fillet | F9: 1 | G9: portion | H9: Meat & Seafood | I9: 680 | J9: 5.8
A10: R003 | B10: Dinner | C10: Salmon rice bowl | D10: 2 | E10: Rice | F10: 0.75 | G10: cup | H10: Pantry | I10: 680 | J10: 0.45
A11: R003 | B11: Dinner | C11: Salmon rice bowl | D11: 2 | E11: Broccoli | F11: 1 | G11: cup | H11: Produce | I11: 680 | J11: 1.1
A12: R004 | B12: Snack | C12: Apple and peanut butter | D12: 1 | E12: Apple | F12: 1 | G12: each | H12: Produce | I12: 220 | J12: 0.7
A13: R004 | B13: Snack | C13: Apple and peanut butter | D13: 1 | E13: Peanut butter | F13: 2 | G13: tbsp | H13: Pantry | I13: 220 | J13: 0.55
A14: R005 | B14: Dinner | C14: Bean taco bowls | D14: 2 | E14: Black beans | F14: 1 | G14: cup | H14: Pantry | I14: 540 | J14: 0.9
A15: R005 | B15: Dinner | C15: Bean taco bowls | D15: 2 | E15: Tortillas | F15: 2 | G15: each | H15: Bakery | I15: 540 | J15: 0.75
A16: R005 | B16: Dinner | C16: Bean taco bowls | D16: 2 | E16: Salsa | F16: 0.25 | G16: cup | H16: Pantry | I16: 540 | J16: 0.45

Sheet Pantry
A1: Pantry
A2: Edit cyan rows to record what you already have. Grocery List compares needed quantity against pantry on hand. Add pantry items only inside rows 5-105.
A3: Do not insert/delete columns. Add rows inside the provided cyan range only; formulas cover rows 5-105.
A4: Item | B4: Category | C4: On hand qty | D4: Unit | E4: Reorder at | F4: Unit price | G4: Need soon? | H4: Notes
A5: Rice | B5: Pantry | C5: 2 | D5: cup | E5: 1 | F5: 0.6 | G5: =IF(C6<=E6,"yes","") | H5: starter
A6: Black beans | B6: Pantry | C6: 1 | D6: cup | E6: 1 | F6: 0.9 | G6: =IF(C7<=E7,"yes","") | H6: starter
A7: Greek yogurt | B7: Dairy & Eggs | C7: 1 | D7: cup | E7: 1 | F7: 2.4 | G7: =IF(C8<=E8,"yes","") | H7: starter
A8: Broccoli | B8: Produce | C8: 0 | D8: cup | E8: 1 | F8: 1.1 | G8: =IF(C9<=E9,"yes","") | H8: starter
A9: Apple | B9: Produce | C9: 4 | D9: each | E9: 2 | F9: 0.7 | G9: =IF(C10<=E10,"yes","") | H9: starter
G10: =IF(AND(A11<>"",C11<=E11),"yes","")
G11: =IF(AND(A12<>"",C12<=E12),"yes","")
G12: =IF(AND(A13<>"",C13<=E13),"yes","")
G13: =IF(AND(A14<>"",C14<=E14),"yes","")
G14: =IF(AND(A15<>"",C15<=E15),"yes","")
G15: =IF(AND(A16<>"",C16<=E16),"yes","")
G16: =IF(AND(A17<>"",C17<=E17),"yes","")
G17: =IF(AND(A18<>"",C18<=E18),"yes","")
G18: =IF(AND(A19<>"",C19<=E19),"yes","")
G19: =IF(AND(A20<>"",C20<=E20),"yes","")
G20: =IF(AND(A21<>"",C21<=E21),"yes","")
G21: =IF(AND(A22<>"",C22<=E22),"yes","")
... G104: =IF(AND(A105<>"",C105<=E105),"yes","")

Sheet Weekly Planner
A1: Weekly Planner
A2: Choose meals from dropdowns in cyan cells, set servings, and add notes. Dashboard and Grocery List use this planned week.
A3: Do not insert/delete columns or rows on this tab. Use the seven day rows provided; duplicate the workbook for a new planning week.
A4: Day | B4: Breakfast | C4: Lunch | D4: Dinner | E4: Snack | F4: Servings | G4: Notes | H4: Day calories | I4: Day cost
A6: Monday | B6: Apple and peanut butter | C6: Tomato soup and toast | D6: Bean taco bowls | E6: Apple and peanut butter | F6: 2 | G6: sample week | H6: =SUMPRODUCT((Recipes!$C$6:$C$105=B6)*Recipes!$I$6:$I$105)+SUMPRODUCT((Recipes!$C$6:$C$105=C6)*Recipes!$I$6:$I$105)+SUMPRODUCT((Recipes!$C$6:$C$105=D6)*Recipes!$I$6:$I$105)+SUMPRODUCT((Recipes!$C$6:$C$105=E6)*Recipes!$I$6:$I$105) | I6: =SUMPRODUCT((Recipes!$C$6:$C$105=B6)*Recipes!$J$6:$J$105)+SUMPRODUCT((Recipes!$C$6:$C$105=C6)*Recipes!$J$6:$J$105)+SUMPRODUCT((Recipes!$C$6:$C$105=D6)*Recipes!$J$6:$J$105)+SUMPRODUCT((Recipes!$C$6:$C$105=E6)*Recipes!$J$6:$J$105)
A7: Tuesday | B7: Greek yogurt berry bowl | C7: Tomato soup and toast | D7: Salmon rice bowl | E7: Apple and peanut butter | F7: 2 | G7: sample week | H7: =SUMPRODUCT((Recipes!$C$6:$C$105=B7)*Recipes!$I$6:$I$105)+SUMPRODUCT((Recipes!$C$6:$C$105=C7)*Recipes!$I$6:$I$105)+SUMPRODUCT((Recipes!$C$6:$C$105=D7)*Recipes!$I$6:$I$105)+SUMPRODUCT((Recipes!$C$6:$C$105=E7)*Recipes!$I$6:$I$105) | I7: =SUMPRODUCT((Recipes!$C$6:$C$105=B7)*Recipes!$J$6:$J$105)+SUMPRODUCT((Recipes!$C$6:$C$105=C7)*Recipes!$J$6:$J$105)+SUMPRODUCT((Recipes!$C$6:$C$105=D7)*Recipes!$J$6:$J$105)+SUMPRODUCT((Recipes!$C$6:$C$105=E7)*Recipes!$J$6:$J$105)
A8: Wednesday | B8: Apple and peanut butter | C8: Tomato soup and toast | D8: Bean taco bowls | E8: Apple and peanut butter | F8: 2 | G8: sample week | H8: =SUMPRODUCT((Recipes!$C$6:$C$105=B8)*Recipes!$I$6:$I$105)+SUMPRODUCT((Recipes!$C$6:$C$105=C8)*Recipes!$I$6:$I$105)+SUMPRODUCT((Recipes!$C$6:$C$105=D8)*Recipes!$I$6:$I$105)+SUMPRODUCT((Recipes!$C$6:$C$105=E8)*Recipes!$I$6:$I$105) | I8: =SUMPRODUCT((Recipes!$C$6:$C$105=B8)*Recipes!$J$6:$J$105)+SUMPRODUCT((Recipes!$C$6:$C$105=C8)*Recipes!$J$6:$J$105)+SUMPRODUCT((Recipes!$C$6:$C$105=D8)*Recipes!$J$6:$J$105)+SUMPRODUCT((Recipes!$C$6:$C$105=E8)*Recipes!$J$6:$J$105)
A9: Thursday | B9: Greek yogurt berry bowl | C9: Tomato soup and toast | D9: Salmon rice bowl | E9: Apple and peanut butter | F9: 2 | G9: sample week | H9: =SUMPRODUCT((Recipes!$C$6:$C$105=B9)*Recipes!$I$6:$I$105)+SUMPRODUCT((Recipes!$C$6:$C$105=C9)*Recipes!$I$6:$I$105)+SUMPRODUCT((Recipes!$C$6:$C$105=D9)*Recipes!$I$6:$I$105)+SUMPRODUCT((Recipes!$C$6:$C$105=E9)*Recipes!$I$6:$I$105) | I9: =SUMPRODUCT((Recipes!$C$6:$C$105=B9)*Recipes!$J$6:$J$105)+SUMPRODUCT((Recipes!$C$6:$C$105=C9)*Recipes!$J$6:$J$105)+SUMPRODUCT((Recipes!$C$6:$C$105=D9)*Recipes!$J$6:$J$105)+SUMPRODUCT((Recipes!$C$6:$C$105=E9)*Recipes!$J$6:$J$105)
A10: Friday | B10: Apple and peanut butter | C10: Tomato soup and toast | D10: Bean taco bowls | E10: Apple and peanut butter | F10: 2 | G10: sample week | H10: =SUMPRODUCT((Recipes!$C$6:$C$105=B10)*Recipes!$I$6:$I$105)+SUMPRODUCT((Recipes!$C$6:$C$105=C10)*Recipes!$I$6:$I$105)+SUMPRODUCT((Recipes!$C$6:$C$105=D10)*Recipes!$I$6:$I$105)+SUMPRODUCT((Recipes!$C$6:$C$105=E10)*Recipes!$I$6:$I$105) | I10: =SUMPRODUCT((Recipes!$C$6:$C$105=B10)*Recipes!$J$6:$J$105)+SUMPRODUCT((Recipes!$C$6:$C$105=C10)*Recipes!$J$6:$J$105)+SUMPRODUCT((Recipes!$C$6:$C$105=D10)*Recipes!$J$6:$J$105)+SUMPRODUCT((Recipes!$C$6:$C$105=E10)*Recipes!$J$6:$J$105)
A11: Saturday | B11: Greek yogurt berry bowl | C11: Tomato soup and toast | D11: Salmon rice bowl | E11: Apple and peanut butter | F11: 2 | G11: sample week | H11: =SUMPRODUCT((Recipes!$C$6:$C$105=B11)*Recipes!$I$6:$I$105)+SUMPRODUCT((Recipes!$C$6:$C$105=C11)*Recipes!$I$6:$I$105)+SUMPRODUCT((Recipes!$C$6:$C$105=D11)*Recipes!$I$6:$I$105)+SUMPRODUCT((Recipes!$C$6:$C$105=E11)*Recipes!$I$6:$I$105) | I11: =SUMPRODUCT((Recipes!$C$6:$C$105=B11)*Recipes!$J$6:$J$105)+SUMPRODUCT((Recipes!$C$6:$C$105=C11)*Recipes!$J$6:$J$105)+SUMPRODUCT((Recipes!$C$6:$C$105=D11)*Recipes!$J$6:$J$105)+SUMPRODUCT((Recipes!$C$6:$C$105=E11)*Recipes!$J$6:$J$105)
A12: Sunday | B12: Apple and peanut butter | C12: Tomato soup and toast | D12: Bean taco bowls | E12: Apple and peanut butter | F12: 2 | G12: sample week | H12: =SUMPRODUCT((Recipes!$C$6:$C$105=B12)*Recipes!$I$6:$I$105)+SUMPRODUCT((Recipes!$C$6:$C$105=C12)*Recipes!$I$6:$I$105)+SUMPRODUCT((Recipes!$C$6:$C$105=D12)*Recipes!$I$6:$I$105)+SUMPRODUCT((Recipes!$C$6:$C$105=E12)*Recipes!$I$6:$I$105) | I12: =SUMPRODUCT((Recipes!$C$6:$C$105=B12)*Recipes!$J$6:$J$105)+SUMPRODUCT((Recipes!$C$6:$C$105=C12)*Recipes!$J$6:$J$105)+SUMPRODUCT((Recipes!$C$6:$C$105=D12)*Recipes!$J$6:$J$105)+SUMPRODUCT((Recipes!$C$6:$C$105=E12)*Recipes!$J$6:$J$105)

Sheet Grocery List
A1: Grocery List
A2: Review and shop from this final list. Cyan quantity, pantry, unit price, checked, and notes cells are editable. Estimated cost uses the visible Unit price column.
A3: Core grocery rows are driven from the weekly planner and recipe ingredients. Add custom items only inside the provided cyan rows; formulas are prefilled for those rows.
A4: Category | B4: Item | C4: Needed qty | D4: Pantry on hand | E4: Buy qty | F4: Unit | G4: Unit price | H4: Estimated cost | I4: Checked | J4: Notes | K4: Source recipe
A5: Dairy & Eggs | B5: Greek yogurt | C5: =IF(B5="","",SUMPRODUCT((Recipes!$C$6:$C$105=$K5)*(Recipes!$E$6:$E$105=B5)*Recipes!$F$6:$F$105)*SUMIF('Recipe Totals'!$A$2:$A$8,$K5,'Recipe Totals'!$B$2:$B$8)) | D5: =IF(B5="","",IFERROR(SUMIF(Pantry!$A$5:$A$105,B5,Pantry!$C$5:$C$105),0)) | E5: =IF(B5="","",MAX(0,C5-D5)) | F5: cup | G5: 2.4 | H5: =IF(B5="","",IFERROR(E5*G5,0)) | K5: Greek yogurt berry bowl
A6: Produce | B6: Berries | C6: =IF(B6="","",SUMPRODUCT((Recipes!$C$6:$C$105=$K6)*(Recipes!$E$6:$E$105=B6)*Recipes!$F$6:$F$105)*SUMIF('Recipe Totals'!$A$2:$A$8,$K6,'Recipe Totals'!$B$2:$B$8)) | D6: =IF(B6="","",IFERROR(SUMIF(Pantry!$A$5:$A$105,B6,Pantry!$C$5:$C$105),0)) | E6: =IF(B6="","",MAX(0,C6-D6)) | F6: cup | G6: 1.35 | H6: =IF(B6="","",IFERROR(E6*G6,0)) | K6: Greek yogurt berry bowl
A7: Pantry | B7: Tomato soup | C7: =IF(B7="","",SUMPRODUCT((Recipes!$C$6:$C$105=$K7)*(Recipes!$E$6:$E$105=B7)*Recipes!$F$6:$F$105)*SUMIF('Recipe Totals'!$A$2:$A$8,$K7,'Recipe Totals'!$B$2:$B$8)) | D7: =IF(B7="","",IFERROR(SUMIF(Pantry!$A$5:$A$105,B7,Pantry!$C$5:$C$105),0)) | E7: =IF(B7="","",MAX(0,C7-D7)) | F7: serving | G7: 2.1 | H7: =IF(B7="","",IFERROR(E7*G7,0)) | K7: Tomato soup and toast
A8: Bakery | B8: Whole grain bread | C8: =IF(B8="","",SUMPRODUCT((Recipes!$C$6:$C$105=$K8)*(Recipes!$E$6:$E$105=B8)*Recipes!$F$6:$F$105)*SUMIF('Recipe Totals'!$A$2:$A$8,$K8,'Recipe Totals'!$B$2:$B$8)) | D8: =IF(B8="","",IFERROR(SUMIF(Pantry!$A$5:$A$105,B8,Pantry!$C$5:$C$105),0)) | E8: =IF(B8="","",MAX(0,C8-D8)) | F8: slice | G8: 0.8 | H8: =IF(B8="","",IFERROR(E8*G8,0)) | K8: Tomato soup and toast
A9: Meat & Seafood | B9: Salmon fillet | C9: =IF(B9="","",SUMPRODUCT((Recipes!$C$6:$C$105=$K9)*(Recipes!$E$6:$E$105=B9)*Recipes!$F$6:$F$105)*SUMIF('Recipe Totals'!$A$2:$A$8,$K9,'Recipe Totals'!$B$2:$B$8)) | D9: =IF(B9="","",IFERROR(SUMIF(Pantry!$A$5:$A$105,B9,Pantry!$C$5:$C$105),0)) | E9: =IF(B9="","",MAX(0,C9-D9)) | F9: portion | G9: 5.8 | H9: =IF(B9="","",IFERROR(E9*G9,0)) | K9: Salmon rice bowl
A10: Pantry | B10: Rice | C10: =IF(B10="","",SUMPRODUCT((Recipes!$C$6:$C$105=$K10)*(Recipes!$E$6:$E$105=B10)*Recipes!$F$6:$F$105)*SUMIF('Recipe Totals'!$A$2:$A$8,$K10,'Recipe Totals'!$B$2:$B$8)) | D10: =IF(B10="","",IFERROR(SUMIF(Pantry!$A$5:$A$105,B10,Pantry!$C$5:$C$105),0)) | E10: =IF(B10="","",MAX(0,C10-D10)) | F10: cup | G10: 0.45 | H10: =IF(B10="","",IFERROR(E10*G10,0)) | K10: Salmon rice bowl
A11: Produce | B11: Broccoli | C11: =IF(B11="","",SUMPRODUCT((Recipes!$C$6:$C$105=$K11)*(Recipes!$E$6:$E$105=B11)*Recipes!$F$6:$F$105)*SUMIF('Recipe Totals'!$A$2:$A$8,$K11,'Recipe Totals'!$B$2:$B$8)) | D11: =IF(B11="","",IFERROR(SUMIF(Pantry!$A$5:$A$105,B11,Pantry!$C$5:$C$105),0)) | E11: =IF(B11="","",MAX(0,C11-D11)) | F11: cup | G11: 1.1 | H11: =IF(B11="","",IFERROR(E11*G11,0)) | K11: Salmon rice bowl
A12: Produce | B12: Apple | C12: =IF(B12="","",SUMPRODUCT((Recipes!$C$6:$C$105=$K12)*(Recipes!$E$6:$E$105=B12)*Recipes!$F$6:$F$105)*SUMIF('Recipe Totals'!$A$2:$A$8,$K12,'Recipe Totals'!$B$2:$B$8)) | D12: =IF(B12="","",IFERROR(SUMIF(Pantry!$A$5:$A$105,B12,Pantry!$C$5:$C$105),0)) | E12: =IF(B12="","",MAX(0,C12-D12)) | F12: each | G12: 0.7 | H12: =IF(B12="","",IFERROR(E12*G12,0)) | K12: Apple and peanut butter
A13: Pantry | B13: Peanut butter | C13: =IF(B13="","",SUMPRODUCT((Recipes!$C$6:$C$105=$K13)*(Recipes!$E$6:$E$105=B13)*Recipes!$F$6:$F$105)*SUMIF('Recipe Totals'!$A$2:$A$8,$K13,'Recipe Totals'!$B$2:$B$8)) | D13: =IF(B13="","",IFERROR(SUMIF(Pantry!$A$5:$A$105,B13,Pantry!$C$5:$C$105),0)) | E13: =IF(B13="","",MAX(0,C13-D13)) | F13: tbsp | G13: 0.55 | H13: =IF(B13="","",IFERROR(E13*G13,0)) | K13: Apple and peanut butter
A14: Pantry | B14: Black beans | C14: =IF(B14="","",SUMPRODUCT((Recipes!$C$6:$C$105=$K14)*(Recipes!$E$6:$E$105=B14)*Recipes!$F$6:$F$105)*SUMIF('Recipe Totals'!$A$2:$A$8,$K14,'Recipe Totals'!$B$2:$B$8)) | D14: =IF(B14="","",IFERROR(SUMIF(Pantry!$A$5:$A$105,B14,Pantry!$C$5:$C$105),0)) | E14: =IF(B14="","",MAX(0,C14-D14)) | F14: cup | G14: 0.9 | H14: =IF(B14="","",IFERROR(E14*G14,0)) | K14: Bean taco bowls
A15: Bakery | B15: Tortillas | C15: =IF(B15="","",SUMPRODUCT((Recipes!$C$6:$C$105=$K15)*(Recipes!$E$6:$E$105=B15)*Recipes!$F$6:$F$105)*SUMIF('Recipe Totals'!$A$2:$A$8,$K15,'Recipe Totals'!$B$2:$B$8)) | D15: =IF(B15="","",IFERROR(SUMIF(Pantry!$A$5:$A$105,B15,Pantry!$C$5:$C$105),0)) | E15: =IF(B15="","",MAX(0,C15-D15)) | F15: each | G15: 0.75 | H15: =IF(B15="","",IFERROR(E15*G15,0)) | K15: Bean taco bowls
A16: Pantry | B16: Salsa | C16: =IF(B16="","",SUMPRODUCT((Recipes!$C$6:$C$105=$K16)*(Recipes!$E$6:$E$105=B16)*Recipes!$F$6:$F$105)*SUMIF('Recipe Totals'!$A$2:$A$8,$K16,'Recipe Totals'!$B$2:$B$8)) | D16: =IF(B16="","",IFERROR(SUMIF(Pantry!$A$5:$A$105,B16,Pantry!$C$5:$C$105),0)) | E16: =IF(B16="","",MAX(0,C16-D16)) | F16: cup | G16: 0.45 | H16: =IF(B16="","",IFERROR(E16*G16,0)) | K16: Bean taco bowls
E17: =IF(B18="","",MAX(0,C18-D18)) | H17: =IF(B17="","",IFERROR(E17*G17,0))
E18: =IF(B19="","",MAX(0,C19-D19)) | H18: =IF(B18="","",IFERROR(E18*G18,0))
E19: =IF(B20="","",MAX(0,C20-D20)) | H19: =IF(B19="","",IFERROR(E19*G19,0))
E20: =IF(B21="","",MAX(0,C21-D21)) | H20: =IF(B20="","",IFERROR(E20*G20,0))
E21: =IF(B22="","",MAX(0,C22-D22)) | H21: =IF(B21="","",IFERROR(E21*G21,0))
E22: =IF(B23="","",MAX(0,C23-D23)) | H22: =IF(B22="","",IFERROR(E22*G22,0))
E23: =IF(B24="","",MAX(0,C24-D24)) | H23: =IF(B23="","",IFERROR(E23*G23,0))
E24: =IF(B25="","",MAX(0,C25-D25)) | H24: =IF(B24="","",IFERROR(E24*G24,0))
E25: =IF(B26="","",MAX(0,C26-D26)) | H25: =IF(B25="","",IFERROR(E25*G25,0))
E26: =IF(B27="","",MAX(0,C27-D27)) | H26: =IF(B26="","",IFERROR(E26*G26,0))
E27: =IF(B28="","",MAX(0,C28-D28)) | H27: =IF(B27="","",IFERROR(E27*G27,0))
E28: =IF(B29="","",MAX(0,C29-D29)) | H28: =IF(B28="","",IFERROR(E28*G28,0))
... E104: =IF(B105="","",MAX(0,C105-D105)) | H104: =IF(B104="","",IFERROR(E104*G104,0))
H105: =IF(B105="","",IFERROR(E105*G105,0))

Sheet Help
A1: Help
A2: Use this tab when something looks wrong. It explains setup, protected formulas, supported edits, and recovery.
A3: Support does not include custom formulas, spreadsheet redesign, personal nutrition advice, or data-entry work.
A4: Topic | B4: Guidance | C4: Supported | D4: Not supported | E4: Recovery | F4: Notes
A5: Editable cells | B5: Cyan cells are safe to edit. Blue cells are formulas or outputs. | C5: Settings, Recipes, Pantry, Planner, Grocery notes/prices | D5: Formula columns and structural changes | E5: Use clean backup copy | F5: Rows 6-105 are prefilled
A6: Rows and columns | B6: Add data inside existing cyan rows only. Do not insert/delete columns. | C6: Using provided blank yellow rows | D6: Adding columns or deleting formula rows | E6: Restore from backup | F6: Warnings appear on every tab
A7: Compatibility | B7: Google Sheets primary. Excel export must be QA checked before claim. | C7: Normal viewing/editing in supported file | D7: External scripts/add-ons | E7: Use primary file if export differs | F7: No external-data formulas
A8: Support scope | B8: Access, setup, documented use. | C8: Basic questions | D8: Custom formulas, nutrition advice, redesign | E8: Read FAQ and reset from backup | F8: Clear scope

Sheet Meal Slots
A1: Recipe | B1: Servings
A2: ='Weekly Planner'!B6 | B2: ='Weekly Planner'!F6
A3: ='Weekly Planner'!C6 | B3: ='Weekly Planner'!F6
A4: ='Weekly Planner'!D6 | B4: ='Weekly Planner'!F6
A5: ='Weekly Planner'!E6 | B5: ='Weekly Planner'!F6
A6: ='Weekly Planner'!B7 | B6: ='Weekly Planner'!F7
A7: ='Weekly Planner'!C7 | B7: ='Weekly Planner'!F7
A8: ='Weekly Planner'!D7 | B8: ='Weekly Planner'!F7
A9: ='Weekly Planner'!E7 | B9: ='Weekly Planner'!F7
A10: ='Weekly Planner'!B8 | B10: ='Weekly Planner'!F8
A11: ='Weekly Planner'!C8 | B11: ='Weekly Planner'!F8
A12: ='Weekly Planner'!D8 | B12: ='Weekly Planner'!F8
A13: ='Weekly Planner'!E8 | B13: ='Weekly Planner'!F8
A14: ='Weekly Planner'!B9 | B14: ='Weekly Planner'!F9
A15: ='Weekly Planner'!C9 | B15: ='Weekly Planner'!F9
A16: ='Weekly Planner'!D9 | B16: ='Weekly Planner'!F9
A17: ='Weekly Planner'!E9 | B17: ='Weekly Planner'!F9
A18: ='Weekly Planner'!B10 | B18: ='Weekly Planner'!F10
A19: ='Weekly Planner'!C10 | B19: ='Weekly Planner'!F10
A20: ='Weekly Planner'!D10 | B20: ='Weekly Planner'!F10
A21: ='Weekly Planner'!E10 | B21: ='Weekly Planner'!F10
A22: ='Weekly Planner'!B11 | B22: ='Weekly Planner'!F11
A23: ='Weekly Planner'!C11 | B23: ='Weekly Planner'!F11
A24: ='Weekly Planner'!D11 | B24: ='Weekly Planner'!F11
A25: ='Weekly Planner'!E11 | B25: ='Weekly Planner'!F11
A26: ='Weekly Planner'!B12 | B26: ='Weekly Planner'!F12
A27: ='Weekly Planner'!C12 | B27: ='Weekly Planner'!F12
A28: ='Weekly Planner'!D12 | B28: ='Weekly Planner'!F12
A29: ='Weekly Planner'!E12 | B29: ='Weekly Planner'!F12

Sheet Recipe Totals
A1: Recipe | B1: Weekly servings
A2: Greek yogurt berry bowl | B2: =SUMIF('Meal Slots'!$A$2:$A$29,A2,'Meal Slots'!$B$2:$B$29)
A3: Tomato soup and toast | B3: =SUMIF('Meal Slots'!$A$2:$A$29,A3,'Meal Slots'!$B$2:$B$29)
A4: Salmon rice bowl | B4: =SUMIF('Meal Slots'!$A$2:$A$29,A4,'Meal Slots'!$B$2:$B$29)
A5: Apple and peanut butter | B5: =SUMIF('Meal Slots'!$A$2:$A$29,A5,'Meal Slots'!$B$2:$B$29)
A6: Bean taco bowls | B6: =SUMIF('Meal Slots'!$A$2:$A$29,A6,'Meal Slots'!$B$2:$B$29)
A7: Veggie pasta | B7: =SUMIF('Meal Slots'!$A$2:$A$29,A7,'Meal Slots'!$B$2:$B$29)
A8: Chicken salad wrap | B8: =SUMIF('Meal Slots'!$A$2:$A$29,A8,'Meal Slots'!$B$2:$B$29)
