Workbook

Sheet Start Here
A1: Handyman Quote Readiness Planner
A2: Quote the job, check the floor, and know whether to send or clarify before you reply.
A5: Step 1
A6: Open Assumptions and confirm your hourly rate, minimum job floor, deposit policy, and standard timing.
A9: Step 2
A10: Go to Scope Inputs and complete the readiness checks before touching the line items.
A13: Step 3
A14: Enter task rows with hours, material cost, and travel yes/no. Yellow cells are yours.
A17: Step 4
A18: Read Quote Summary. Send only when the state says send_ready. Otherwise follow the next-step guidance.
A22: Color key | D22: This workbook is for quoting only.
A23: Yellow | B23: Buyer input cells | D23: • No invoicing, CRM, dispatch, or auto-emailing.
A24: Blue | B24: Generated outputs | D24: • If the state is clarify_scope, ask for more details before sending.
A25: White | B25: Reference or helper text | D25: • If the state is below_floor, adjust scope or decline the job.
D26: • If the state is unrealistic_timeline, reset expectations before you quote.

Sheet Assumptions
A1: Assumptions
A2: Set the business defaults that every quote uses unless you override them.
A4: Default hourly rate | B4: 75 | C4: $/hour | E4: Guardrails
A5: Deposit percent | B5: 0.3 | C5: percent | E5: Quote Summary uses these values every time.
A6: Minimum job floor | B6: 250 | C6: $ minimum | E6: Change deposit percent here to update the summary.
A7: Travel fee per quoted job | B7: 45 | C7: $ flat | E7: Minimum job floor blocks send_ready when totals fall below it.
A8: Rush surcharge percent | B8: 0.2 | C8: percent | E8: Rush timing and surcharge work together.
A9: Standard turnaround days | B9: 5 | C9: business days
A10: Rush turnaround days | B10: 2 | C10: business days
A11: Material markup percent | B11: 0.1 | C11: percent

Sheet Scope Inputs
A1: Scope Inputs
A2: Complete readiness checks first, then enter line items. Only yellow cells should be edited.
A4: Client name | B4: Jordan Lee | J4: Helper totals
A5: Job type | B5: repair_bundle | J5: Base total before rush | K5: =ROUND(SUM(H15:H29)-B11,2) -> 585
A6: Site visit complete | B6: yes | J6: Valid task rows | K6: =COUNTIF(B15:B29,"<>") -> 2
A7: Material list complete | B7: yes | J7: Travel lines | K7: =COUNTIF(F15:F29,"yes") -> 1
A8: Scope confirmed | B8: yes
A9: Rush requested | B9: no
A10: Requested days until start | B10: 5
A11: Discount amount | B11: 0
A14: No. | B14: Task name | C14: Est. hours | D14: Rate override | E14: Material cost | F14: Travel required | G14: Labor subtotal | H14: Line subtotal
A15: 1 | B15: Patch hallway drywall | C15: 3 | E15: 60 | F15: yes | G15: =IF(B15="","",ROUND(C15*IF(D15="",Assumptions!$B$4,D15),2)) -> 225 | H15: =IF(B15="","",ROUND(G15+(E15*(1+Assumptions!$B$11))+IF(F15="yes",Assumptions!$B$7,0),2)) -> 336
A16: 2 | B16: Install faucet | C16: 2 | E16: 90 | F16: no | G16: =IF(B16="","",ROUND(C16*IF(D16="",Assumptions!$B$4,D16),2)) -> 150 | H16: =IF(B16="","",ROUND(G16+(E16*(1+Assumptions!$B$11))+IF(F16="yes",Assumptions!$B$7,0),2)) -> 249
A17: 3 | G17: =IF(B17="","",ROUND(C17*IF(D17="",Assumptions!$B$4,D17),2)) | H17: =IF(B17="","",ROUND(G17+(E17*(1+Assumptions!$B$11))+IF(F17="yes",Assumptions!$B$7,0),2))
A18: 4 | G18: =IF(B18="","",ROUND(C18*IF(D18="",Assumptions!$B$4,D18),2)) | H18: =IF(B18="","",ROUND(G18+(E18*(1+Assumptions!$B$11))+IF(F18="yes",Assumptions!$B$7,0),2))
A19: 5 | G19: =IF(B19="","",ROUND(C19*IF(D19="",Assumptions!$B$4,D19),2)) | H19: =IF(B19="","",ROUND(G19+(E19*(1+Assumptions!$B$11))+IF(F19="yes",Assumptions!$B$7,0),2))
A20: 6 | G20: =IF(B20="","",ROUND(C20*IF(D20="",Assumptions!$B$4,D20),2)) | H20: =IF(B20="","",ROUND(G20+(E20*(1+Assumptions!$B$11))+IF(F20="yes",Assumptions!$B$7,0),2))
A21: 7 | G21: =IF(B21="","",ROUND(C21*IF(D21="",Assumptions!$B$4,D21),2)) | H21: =IF(B21="","",ROUND(G21+(E21*(1+Assumptions!$B$11))+IF(F21="yes",Assumptions!$B$7,0),2))
A22: 8 | G22: =IF(B22="","",ROUND(C22*IF(D22="",Assumptions!$B$4,D22),2)) | H22: =IF(B22="","",ROUND(G22+(E22*(1+Assumptions!$B$11))+IF(F22="yes",Assumptions!$B$7,0),2))
A23: 9 | G23: =IF(B23="","",ROUND(C23*IF(D23="",Assumptions!$B$4,D23),2)) | H23: =IF(B23="","",ROUND(G23+(E23*(1+Assumptions!$B$11))+IF(F23="yes",Assumptions!$B$7,0),2))
A24: 10 | G24: =IF(B24="","",ROUND(C24*IF(D24="",Assumptions!$B$4,D24),2)) | H24: =IF(B24="","",ROUND(G24+(E24*(1+Assumptions!$B$11))+IF(F24="yes",Assumptions!$B$7,0),2))
A25: 11 | G25: =IF(B25="","",ROUND(C25*IF(D25="",Assumptions!$B$4,D25),2)) | H25: =IF(B25="","",ROUND(G25+(E25*(1+Assumptions!$B$11))+IF(F25="yes",Assumptions!$B$7,0),2))
A26: 12 | G26: =IF(B26="","",ROUND(C26*IF(D26="",Assumptions!$B$4,D26),2)) | H26: =IF(B26="","",ROUND(G26+(E26*(1+Assumptions!$B$11))+IF(F26="yes",Assumptions!$B$7,0),2))
A27: 13 | G27: =IF(B27="","",ROUND(C27*IF(D27="",Assumptions!$B$4,D27),2)) | H27: =IF(B27="","",ROUND(G27+(E27*(1+Assumptions!$B$11))+IF(F27="yes",Assumptions!$B$7,0),2))
A28: 14 | G28: =IF(B28="","",ROUND(C28*IF(D28="",Assumptions!$B$4,D28),2)) | H28: =IF(B28="","",ROUND(G28+(E28*(1+Assumptions!$B$11))+IF(F28="yes",Assumptions!$B$7,0),2))
A29: 15 | G29: =IF(B29="","",ROUND(C29*IF(D29="",Assumptions!$B$4,D29),2)) | H29: =IF(B29="","",ROUND(G29+(E29*(1+Assumptions!$B$11))+IF(F29="yes",Assumptions!$B$7,0),2))

Sheet Quote Summary
A1: Quote Summary
A2: Use this sheet to decide whether the quote is ready to send.
A8: Quote total | B8: =ROUND(SUM('Scope Inputs'!H15:H29)*(1+IF('Scope Inputs'!B9="yes",Assumptions!$B$8,0))-'Scope Inputs'!B11,2) -> 585 | D8: What this means
A9: Deposit amount | B9: =ROUND(B8*Assumptions!$B$5,2) -> 175.5 | D9: send_ready: scope complete, timeline realistic, quote above floor
A10: Delivery window | B10: =IF('Scope Inputs'!B9="yes",TEXT(Assumptions!$B$10,"0")&" business days",TEXT(Assumptions!$B$9,"0")&" business days") -> 5 business days | D10: clarify_scope: missing readiness input or no valid scope rows
D11: below_floor: total exists but job is too small at the current scope
A12: Quote confidence state | B12: =IF(OR('Scope Inputs'!B4="",'Scope Inputs'!B5="",'Scope Inputs'!B6<>"yes",'Scope Inputs'!B7<>"yes",'Scope Inputs'!B8<>"yes",COUNTIF('Scope Inputs'!B15:B29,"<>")=0),"clarify_scope",IF(AND('Scope Inputs'!B9="yes",'Scope Inputs'!B10<Assumptions!$B$10),"unrealistic_timeline",IF(B8<Assumptions!$B$6,"below_floor","send_ready"))) -> send_ready | D12: unrealistic_timeline: quote is feasible only if the delivery expectation changes
A13: Recommended next step | B13: =IF(B12="clarify_scope","Ask for missing scope details before sending the quote",IF(B12="unrealistic_timeline","Reset delivery expectation before sending",IF(B12="below_floor","Raise scope, remove discount, or decline the job","Send the quote with deposit and timeline"))) -> Send the quote with deposit and timeline
A15: Minimum profitable floor | B15: =Assumptions!$B$6 -> 250 | D15: Proof checklist
A16: Quote margin buffer | B16: =ROUND(B8-B15,2) -> 335 | D16: • Totals respond to Assumptions and Scope Inputs.
D17: • You should not send when the state is clarify_scope, below_floor, or unrealistic_timeline.
D18: • Deposit and timeline update automatically from the current quote.

Sheet Saved Quotes
A1: Saved Quotes
A2: Use this log to keep prior quote snapshots visible without overwriting them.
A4: Quote date | B4: Client | C4: Job type | D4: Quote total | E4: Deposit | F4: Delivery window | G4: State | H4: Next step | I4: Notes | J4: Version
A5: 2026-06-30 | B5: Jordan Lee | C5: repair_bundle | D5: 585 | E5: 175.5 | F5: 5 business days | G5: send_ready | H5: Send the quote with deposit and timeline | I5: Seeded standard quote | J5: 1
A6: 2026-06-30 | B6: Partial example | C6: drywall_patch | D6: 188.5 | E6: 56.55 | F6: 5 business days | G6: clarify_scope | H6: Ask for missing scope details before sending the quote | I6: Shows blocked send state | J6: 1
